Year,Rank,Film,Global,Domestic,Domestic %,International %,International %,RT Score,Audience Score,2023_Global_Box_Office,2023_Domestic_Box_Office
2013,1,Frozen,"$1,280,802,282","$400,738,009",31.30%,"$880,064,273",68.70%,90,85,"$1,665,042,967","$520,959,412"
2013,2,Iron Man 3,"$1,214,811,252","$409,013,994",33.70%,"$805,797,258",66.30%,79,78,"$1,579,254,628","$531,718,192"
2013,3,Despicable Me 2,"$970,766,005","$368,065,385",37.90%,"$602,700,620",62.10%,75,85,"$1,261,995,807","$478,485,001"
2013,4,The Hobbit: The Desolation of Smaug,"$958,366,855","$258,366,855",27%,"$700,000,000",73%,74,85,"$1,245,876,912","$335,876,912"
2013,5,The Hunger Games: Catching Fire,"$865,011,746","$424,668,047",49.10%,"$440,343,699",50.90%,90,89,"$1,124,515,270","$552,068,461"
2013,6,Fast & Furious 6,"$788,679,850","$238,679,850",30.30%,"$550,000,000",69.70%,71,84,"$1,025,283,805","$310,283,805"
2013,7,Monsters University,"$743,559,607","$268,492,764",36.10%,"$475,066,843",63.90%,80,81,"$966,627,489","$349,040,593"
2013,8,Gravity,"$723,192,705","$274,092,705",37.90%,"$449,100,000",62.10%,96,79,"$940,150,517","$356,320,517"
2013,9,Man of Steel,"$668,045,518","$291,045,518",43.60%,"$377,000,000",56.40%,56,75,"$868,459,173","$378,359,173"
2013,10,Thor: The Dark World,"$644,783,140","$206,362,140",32%,"$438,421,000",68%,66,75,"$838,218,082","$268,270,782"
2013,11,The Croods,"$587,204,668","$187,168,425",31.90%,"$400,036,243",68.10%,71,77,"$763,366,068","$243,318,953"
2013,12,World War Z,"$540,007,876","$202,359,711",37.50%,"$337,648,165",62.50%,66,72,"$702,010,239","$263,067,624"
2013,13,Oz the Great and Powerful,"$493,311,825","$234,911,825",47.60%,"$258,400,000",52.40%,56,56,"$641,305,373","$305,385,373"
2013,14,Star Trek Into Darkness,"$467,365,246","$228,778,661",49%,"$238,586,585",51%,84,89,"$607,574,820","$297,412,259"
2013,15,The Wolverine,"$414,828,246","$132,556,852",32%,"$282,271,394",68%,71,69,"$539,276,720","$172,323,908"
2013,16,Pacific Rim,"$411,002,906","$101,802,906",24.80%,"$309,200,000",75.20%,72,77,"$534,303,778","$132,343,778"
2013,17,The Wolf of Wall Street,"$392,000,694","$116,900,694",29.80%,"$275,100,000",70.20%,80,83,"$509,600,902","$151,970,902"
2013,18,G.I. Joe: Retaliation,"$375,740,705","$122,523,060",32.60%,"$253,217,645",67.40%,28,48,"$488,462,917","$159,279,978"
2013,19,The Hangover Part III,"$362,000,072","$112,200,072",31%,"$249,800,000",69%,20,44,"$470,600,094","$145,860,094"
2013,20,The Great Gatsby,"$353,641,895","$144,840,419",41%,"$208,801,476",59%,48,67,"$459,734,464","$188,292,545"
2013,21,Now You See Me,"$351,723,989","$117,723,989",33.50%,"$234,000,000",66.50%,50,70,"$457,241,186","$153,041,186"
2013,22,The Smurfs 2,"$347,545,360","$71,017,784",20.40%,"$276,527,576",79.60%,14,56,"$451,808,968","$92,323,119"
2013,23,The Conjuring,"$319,494,638","$137,400,141",43%,"$182,094,497",57%,86,83,"$415,343,029","$178,620,183"
2013,24,A Good Day to Die Hard,"$304,654,182","$67,349,198",22.10%,"$237,304,984",77.90%,15,40,"$396,050,437","$87,553,957"
2013,25,Oblivion,"$286,168,572","$89,107,235",31.10%,"$197,061,337",68.90%,54,61,"$372,019,144","$115,839,406"
2013,26,Elysium,"$286,140,700","$93,050,117",32.50%,"$193,090,583",67.50%,64,58,"$371,982,910","$120,965,152"
2013,27,Turbo,"$282,570,682","$83,028,128",29.40%,"$199,542,554",70.60%,67,65,"$367,341,887","$107,936,566"
2013,28,Cloudy with a Chance of Meatballs 2,"$274,325,949","$119,793,567",43.70%,"$154,532,382",56.30%,71,66,"$356,623,734","$155,731,637"
2013,29,Epic,"$268,426,634","$107,518,682",40.10%,"$160,907,952",59.90%,64,65,"$348,954,624","$139,774,287"
2013,30,The Lone Ranger,"$260,502,115","$89,302,115",34.30%,"$171,200,000",65.70%,31,51,"$338,652,750","$116,092,750"
2013,31,American Hustle,"$251,171,807","$150,117,807",59.80%,"$101,054,000",40.20%,92,74,"$326,523,349","$195,153,149"
2013,32,Grown Ups 2,"$246,984,278","$133,668,525",54.10%,"$113,315,753",45.90%,8,53,"$321,079,561","$173,769,083"
2013,33,After Earth,"$243,611,982","$60,522,097",24.80%,"$183,089,885",75.20%,12,36,"$316,695,577","$78,678,726"
2013,34,Planes,"$239,258,712","$90,288,712",37.70%,"$148,970,000",62.30%,25,49,"$311,036,326","$117,375,326"
2013,35,The Heat,"$229,930,771","$159,582,188",69.40%,"$70,348,583",30.60%,66,71,"$298,910,002","$207,456,844"
2013,36,Hansel & Gretel: Witch Hunters,"$226,349,749","$55,703,475",24.60%,"$170,646,274",75.40%,16,53,"$294,254,674","$72,414,518"
2013,37,Captain Phillips,"$218,791,811","$107,100,855",49%,"$111,690,956",51%,93,89,"$284,429,354","$139,231,112"
2013,38,Journey to the West,"$205,637,183","$18,058",<0.1%,"$205,619,125",100%,94,70,"$267,328,338","$23,475"
2013,39,White House Down,"$205,366,737","$73,103,784",35.60%,"$132,262,953",64.40%,51,62,"$266,976,758","$95,034,919"
2013,40,Percy Jackson: Sea of Monsters,"$199,850,315","$68,559,554",34.30%,"$131,290,761",65.70%,42,54,"$259,805,410","$89,127,420"
2013,41,Jack the Giant Slayer,"$197,687,603","$65,187,603",33%,"$132,500,000",67%,52,55,"$256,993,884","$84,743,884"
2013,42,The Secret Life of Walter Mitty,"$188,133,322","$58,236,838",31%,"$129,896,484",69%,52,71,"$244,573,319","$75,707,889"
2013,43,12 Years a Slave,"$187,733,202","$56,671,993",30.20%,"$131,061,209",69.80%,95,90,"$244,053,163","$73,673,591"
2013,44,The Butler,"$177,313,795","$116,632,095",65.80%,"$60,681,700",34.20%,,,"$230,507,934","$151,621,724"
2013,45,Identity Thief,"$173,965,010","$134,506,920",77.30%,"$39,458,090",22.70%,19,53,"$226,154,513","$174,858,996"
2013,46,Anchorman 2: The Legend Continues,"$171,464,676","$125,168,368",73%,"$46,296,308",27%,75,52,"$222,904,079","$162,718,878"
2013,47,Olympus Has Fallen,"$170,270,201","$98,925,640",58.10%,"$71,344,561",41.90%,50,66,"$221,351,261","$128,603,332"
2013,48,Insidious: Chapter 2,"$161,919,318","$83,586,447",51.60%,"$78,332,871",48.40%,38,57,"$210,495,113","$108,662,381"
2013,49,Lone Survivor,"$154,802,912","$125,095,601",80.80%,"$29,707,311",19.20%,75,87,"$201,243,786","$162,624,281"
2013,50,Jackass Presents: Bad Grandpa,"$151,826,547","$102,003,019",67.20%,"$49,823,528",32.80%,61,60,"$197,374,511","$132,603,925"
2014,1,Transformers: Age of Extinction,"$1,104,054,072","$245,439,076",22.20%,"$858,614,996",77.80%,18,50,"$1,413,189,212","$314,162,017"
2014,2,The Hobbit: The Battle of the Five Armies,"$956,019,788","$255,119,788",26.70%,"$700,900,000",73.30%,59,74,"$1,223,705,329","$326,553,329"
2014,3,Guardians of the Galaxy,"$772,776,600","$333,176,600",43.10%,"$439,600,000",56.90%,92,92,"$989,154,048","$426,466,048"
2014,4,Maleficent,"$758,410,378","$241,410,378",31.80%,"$517,000,000",68.20%,54,70,"$970,765,284","$309,005,284"
2014,5,The Hunger Games: Mockingjay - Part 1,"$755,356,711","$337,135,885",44.60%,"$418,220,826",55.40%,69,71,"$966,856,590","$431,533,933"
2014,6,X-Men: Days of Future Past,"$746,045,700","$233,921,534",31.40%,"$512,124,166",68.60%,90,91,"$954,938,496","$299,419,564"
2014,7,Captain America: The Winter Soldier,"$714,421,503","$259,766,572",36.40%,"$454,654,931",63.60%,90,92,"$914,459,524","$332,501,212"
2014,8,Dawn of the Planet of the Apes,"$710,644,566","$208,545,589",29.30%,"$502,098,977",70.70%,91,88,"$909,625,044","$266,938,354"
2014,9,The Amazing Spider-Man 2,"$708,982,323","$202,853,933",28.60%,"$506,128,390",71.40%,51,64,"$907,497,373","$259,653,034"
2014,10,Interstellar,"$677,896,797","$188,020,017",27.70%,"$489,876,780",72.30%,73,86,"$867,707,900","$240,665,622"
2014,11,Big Hero 6,"$657,827,828","$222,527,828",33.80%,"$435,300,000",66.20%,90,91,"$842,019,620","$284,835,620"
2014,12,How to Train Your Dragon 2,"$621,537,519","$177,002,924",28.50%,"$444,534,595",71.50%,92,89,"$795,568,024","$226,563,743"
2014,13,American Sniper,"$547,426,372","$350,126,372",64%,"$197,300,000",36%,72,84,"$700,705,756","$448,161,756"
2014,14,Godzilla,"$524,976,069","$200,676,069",38.20%,"$324,300,000",61.80%,76,66,"$671,969,368","$256,865,368"
2014,15,Rio 2,"$498,781,117","$131,538,435",26.40%,"$367,242,682",73.60%,48,58,"$638,439,830","$168,369,197"
2014,16,Teenage Mutant Ninja Turtles,"$485,004,754","$191,204,754",39.40%,"$293,800,000",60.60%,21,50,"$620,806,085","$244,742,085"
2014,17,The Lego Movie,"$468,060,692","$257,760,692",55.10%,"$210,300,000",44.90%,96,87,"$599,117,686","$329,933,686"
2014,18,Lucy,"$458,863,600","$126,663,600",27.60%,"$332,200,000",72.40%,67,47,"$587,345,408","$162,129,408"
2014,19,Penguins of Madagascar,"$373,515,621","$83,850,911",22.40%,"$289,664,710",77.60%,74,63,"$478,099,995","$107,329,166"
2014,20,Edge of Tomorrow,"$370,541,256","$100,206,256",27%,"$270,335,000",73%,91,90,"$474,292,808","$128,264,008"
2014,21,Gone Girl,"$369,330,363","$167,767,189",45.40%,"$201,563,174",54.60%,88,87,"$472,742,865","$214,742,002"
2014,22,Night at the Museum: Secret of the Tomb,"$363,204,635","$113,746,621",31.30%,"$249,458,014",68.70%,47,57,"$464,901,933","$145,595,675"
2014,23,Noah,"$359,200,044","$101,200,044",28.20%,"$258,000,000",71.80%,75,41,"$459,776,056","$129,536,056"
2014,24,The Maze Runner,"$348,319,861","$102,427,862",29.40%,"$245,891,999",70.60%,65,68,"$445,849,422","$131,107,663"
2014,25,300: Rise of an Empire,"$337,580,051","$106,580,051",31.60%,"$231,000,000",68.40%,45,51,"$432,102,465","$136,422,465"
2014,26,22 Jump Street,"$331,333,876","$191,719,337",57.90%,"$139,614,539",42.10%,84,77,"$424,107,361","$245,400,751"
2014,27,The Fault in Our Stars,"$307,166,834","$124,872,350",40.70%,"$182,294,484",59.30%,81,85,"$393,173,548","$159,836,608"
2014,28,Divergent,"$288,885,818","$150,947,895",52.30%,"$137,937,923",47.70%,41,69,"$369,773,847","$193,213,306"
2014,29,Paddington,"$282,370,135","$76,271,832",27%,"$206,098,303",73%,97,80,"$361,433,773","$97,627,945"
2014,30,Mr. Peabody & Sherman,"$275,698,039","$111,506,430",40.40%,"$164,191,609",59.60%,81,73,"$352,893,490","$142,728,230"
2014,31,Neighbors,"$270,665,134","$150,157,400",55.50%,"$120,507,734",44.50%,73,63,"$346,451,372","$192,201,472"
2014,32,Exodus: Gods and Kings,"$268,175,631","$65,014,513",24.20%,"$203,161,118",75.80%,30,35,"$343,264,808","$83,218,577"
2014,33,Annabelle,"$257,047,661","$84,273,813",32.80%,"$172,773,848",67.20%,28,35,"$329,021,006","$107,870,481"
2014,34,Hercules,"$244,819,862","$72,688,614",29.70%,"$172,131,248",70.30%,58,48,"$313,369,423","$93,041,426"
2014,35,RoboCop,"$242,688,965","$58,607,007",24.10%,"$184,081,958",75.90%,49,49,"$310,641,875","$75,016,969"
2014,36,The Imitation Game,"$233,555,708","$91,125,683",39%,"$142,430,025",61%,90,91,"$298,951,306","$116,640,874"
2014,37,Non-Stop,"$222,809,600","$92,168,600",41.40%,"$130,641,000",58.60%,61,63,"$285,196,288","$117,975,808"
2014,38,Dracula Untold,"$217,124,280","$56,280,355",25.90%,"$160,843,925",74.10%,25,58,"$277,919,078","$72,038,854"
2014,39,The Expendables 3,"$214,657,577","$39,322,544",18.30%,"$175,335,033",81.70%,31,48,"$274,761,699","$50,332,856"
2014,40,Into the Woods,"$212,902,372","$128,002,372",60.10%,"$84,900,000",39.90%,71,49,"$272,515,036","$163,843,036"
2014,41,Fury,"$211,817,906","$85,817,906",40.50%,"$126,000,000",59.50%,76,84,"$271,126,920","$109,846,920"
2014,42,Need for Speed,"$203,277,636","$43,577,636",21.40%,"$159,700,000",78.60%,22,57,"$260,195,374","$55,779,374"
2014,43,The Other Woman,"$196,710,396","$83,911,193",42.70%,"$112,799,203",57.30%,26,57,"$251,789,307","$107,406,327"
2014,44,The Equalizer,"$192,330,738","$101,530,738",52.80%,"$90,800,000",47.20%,60,76,"$246,183,345","$129,959,345"
2014,45,Breakup Buddies,"$189,017,596","$777,896",0.40%,"$188,239,700",99.60%,,70,"$241,942,523","$995,707"
2014,46,Stand by Me Doraemon,"$183,442,714",-,-,"$183,442,714",100%,,73,"$234,806,674",#VALUE!
2014,47,Serial Bad Weddings,"$176,404,493",-,-,"$176,404,493",100%,,61,"$225,797,751",#VALUE!
2014,48,The Monkey King: Havoc in Heaven's Palace,"$175,835,580",-,-,"$175,835,580",100%,,26,"$225,069,542",#VALUE!
2014,49,The Grand Budapest Hotel,"$172,936,941","$59,301,324",34.30%,"$113,635,617",65.70%,92,86,"$221,359,284","$75,905,695"
2014,50,Dumb and Dumber To,"$169,837,010","$86,208,010",50.80%,"$83,629,000",49.20%,30,35,"$217,391,373","$110,346,253"
2015,1,Star Wars: Episode VII - The Force Awakens,"$2,068,223,624","$936,662,225",45.30%,"$1,131,561,399",54.70%,93,85,"$2,647,326,239","$1,198,927,648"
2015,2,Jurassic World,"$1,670,400,637","$652,270,625",39%,"$1,018,130,012",61%,71,78,"$2,138,112,815","$834,906,400"
2015,3,Furious 7,"$1,515,047,671","$353,007,020",23.30%,"$1,162,040,651",76.70%,81,82,"$1,939,261,019","$451,848,986"
2015,4,Avengers: Age of Ultron,"$1,402,805,868","$459,005,868",32.70%,"$943,800,000",67.30%,76,82,"$1,795,591,511","$587,527,511"
2015,5,Minions,"$1,159,398,397","$336,045,770",29%,"$823,352,627",71%,55,49,"$1,484,029,948","$430,138,586"
2015,6,Spectre,"$880,674,609","$200,074,609",22.70%,"$680,600,000",77.30%,63,61,"$1,127,263,500","$256,095,500"
2015,7,Inside Out,"$857,611,174","$356,461,711",41.60%,"$501,149,463",58.40%,98,89,"$1,097,742,303","$456,270,990"
2015,8,Mission: Impossible - Rogue Nation,"$682,714,267","$195,042,377",28.60%,"$487,671,890",71.40%,94,87,"$873,874,262","$249,654,243"
2015,9,The Hunger Games: Mockingjay - Part 2,"$653,428,261","$281,723,902",43.10%,"$371,704,359",56.90%,70,66,"$836,388,174","$360,606,595"
2015,10,The Martian,"$630,161,890","$228,433,663",36.20%,"$401,728,227",63.80%,91,91,"$806,607,219","$292,395,089"
2015,11,Fifty Shades of Grey,"$569,651,467","$166,167,230",29.20%,"$403,484,237",70.80%,24,41,"$729,153,878","$212,694,054"
2015,12,Cinderella,"$542,351,353","$201,151,353",37.10%,"$341,200,000",62.90%,83,78,"$694,209,732","$257,473,732"
2015,13,The Revenant,"$532,950,503","$183,637,894",34.50%,"$349,312,609",65.50%,78,84,"$682,176,644","$235,056,504"
2015,14,Ant-Man,"$519,311,965","$180,202,163",34.70%,"$339,109,802",65.30%,83,85,"$664,719,315","$230,658,769"
2015,15,Hotel Transylvania 2,"$474,800,000","$169,700,110",35.70%,"$305,099,890",64.30%,55,63,"$607,744,000","$217,216,141"
2015,16,San Andreas,"$473,990,832","$155,190,832",32.70%,"$318,800,000",67.30%,48,52,"$606,708,265","$198,644,265"
2015,17,Terminator Genisys,"$440,603,537","$89,760,956",20.40%,"$350,842,581",79.60%,26,52,"$563,972,527","$114,894,024"
2015,18,Kingsman: The Secret Service,"$414,351,546","$128,261,724",31%,"$286,089,822",69%,75,84,"$530,369,979","$164,175,007"
2015,19,Monster Hunt,"$387,053,506","$32,766",<0.1%,"$387,020,740",100%,66,50,"$495,428,488","$41,940"
2015,20,Home,"$386,041,607","$177,397,510",46%,"$208,644,097",54%,,,"$494,133,257","$227,068,813"
2015,21,Mad Max: Fury Road,"$374,736,354","$153,636,354",41%,"$221,100,000",59%,97,86,"$479,662,533","$196,654,533"
2015,22,The Good Dinosaur,"$332,207,671","$123,087,120",37.10%,"$209,120,551",62.90%,75,64,"$425,225,819","$157,551,514"
2015,23,Taken 3,"$326,479,141","$89,256,424",27.30%,"$237,222,717",72.70%,13,43,"$417,893,300","$114,248,223"
2015,24,The SpongeBob Movie: Sponge Out of Water,"$325,186,032","$162,994,032",50.10%,"$162,192,000",49.90%,81,54,"$416,238,121","$208,632,361"
2015,25,Maze Runner: The Scorch Trials,"$312,296,056","$81,697,192",26.20%,"$230,598,864",73.80%,48,54,"$399,738,952","$104,572,406"
2015,26,The Divergent Series: Insurgent,"$297,002,527","$130,179,072",43.80%,"$166,823,455",56.20%,28,58,"$380,163,235","$166,629,212"
2015,27,Pitch Perfect 2,"$287,144,079","$184,296,230",64.20%,"$102,847,849",35.80%,65,64,"$367,544,421","$235,899,174"
2015,28,Mojin: The Lost Legend,"$259,368,448","$1,243,810",0.50%,"$258,124,638",99.50%,56,56,"$331,991,613","$1,592,077"
2015,29,Lost in Hong Kong,"$256,283,912","$1,302,281",0.50%,"$254,981,631",99.50%,60,50,"$328,043,407","$1,666,920"
2015,30,The Peanuts Movie,"$246,233,113","$130,178,411",52.90%,"$116,054,702",47.10%,87,76,"$315,178,385","$166,628,366"
2015,31,Pixels,"$244,874,809","$78,747,585",32.20%,"$166,127,224",67.80%,18,46,"$313,439,756","$100,796,909"
2015,32,Daddy's Home,"$242,786,137","$150,357,137",61.90%,"$92,429,000",38.10%,30,49,"$310,766,255","$192,457,135"
2015,33,Spy,"$235,666,219","$110,825,712",47%,"$124,840,507",53%,95,78,"$301,652,760","$141,856,911"
2015,34,Alvin and the Chipmunks: The Road Chip,"$234,798,636","$85,886,987",36.60%,"$148,911,649",63.40%,15,51,"$300,542,254","$109,935,343"
2015,35,Goodbye Mr. Loser,"$228,122,928","$1,293,626",0.60%,"$226,829,302",99.40%,,78,"$291,997,348","$1,655,841"
2015,36,Ted 2,"$215,863,606","$81,476,385",37.70%,"$134,387,221",62.30%,44,50,"$276,305,416","$104,289,773"
2015,37,Tomorrowland,"$209,035,668","$93,436,322",44.70%,"$115,599,346",55.30%,50,50,"$267,565,655","$119,598,492"
2015,38,Everest,"$203,427,584","$43,482,270",21.40%,"$159,945,314",78.60%,73,68,"$260,387,308","$55,657,306"
2015,39,Straight Outta Compton,"$201,634,991","$161,197,785",79.90%,"$40,437,206",20.10%,88,91,"$258,092,788","$206,333,165"
2015,40,The Intern,"$194,564,672","$75,764,672",38.90%,"$118,800,000",61.10%,59,73,"$249,042,780","$96,978,780"
2015,41,Jian Bing Man,"$186,683,536",-,-,"$186,683,536",100%,,55,"$238,954,926",#VALUE!
2015,42,Jupiter Ascending,"$183,887,723","$47,387,723",25.80%,"$136,500,000",74.20%,28,38,"$235,376,285","$60,656,285"
2015,43,Creed,"$173,567,581","$109,767,581",63.20%,"$63,800,000",36.80%,95,89,"$222,166,504","$140,502,504"
2015,44,Fantastic Four,"$167,882,881","$56,117,548",33.40%,"$111,765,333",66.60%,9,18,"$214,890,088","$71,830,461"
2015,45,Bridge of Spies,"$165,478,348","$72,313,754",43.70%,"$93,164,594",56.30%,91,87,"$211,812,285","$92,561,605"
2015,46,From Vegas to Macau II,"$163,877,532",-,-,"$163,877,532",100%,,,"$209,763,241",#VALUE!
2015,47,Focus,"$158,762,963","$53,862,963",33.90%,"$104,900,000",66.10%,56,53,"$203,216,593","$68,944,593"
2015,48,Goosebumps,"$158,260,952","$80,080,379",50.60%,"$78,180,573",49.40%,87,62,"$202,574,019","$102,502,885"
2015,49,Ip Man 3,"$156,954,938","$2,679,437",1.70%,"$154,275,501",98.30%,77,73,"$200,902,321","$3,429,679"
2015,50,The Hateful Eight,"$155,760,117","$54,117,416",34.70%,"$101,642,701",65.30%,75,77,"$199,372,950","$69,270,292"
2016,1,Captain America: Civil War,"$1,153,296,293","$408,084,349",35.40%,"$745,211,944",64.60%,90,89,"$1,453,153,329","$514,186,280"
2016,2,Rogue One: A Star Wars Story,"$1,056,057,273","$532,177,324",50.40%,"$523,879,949",49.60%,84,87,"$1,330,632,164","$670,543,428"
2016,3,Finding Dory,"$1,028,570,889","$486,295,561",47.30%,"$542,275,328",52.70%,94,84,"$1,295,999,320","$612,732,407"
2016,4,Zootopia,"$1,023,784,195","$341,268,248",33.30%,"$682,515,947",66.70%,98,92,"$1,289,968,086","$429,997,992"
2016,5,The Jungle Book,"$966,550,600","$364,001,123",37.70%,"$602,549,477",62.30%,94,86,"$1,217,853,756","$458,641,415"
2016,6,The Secret Life of Pets,"$875,457,937","$368,384,330",42.10%,"$507,073,607",57.90%,71,62,"$1,103,077,001","$464,164,256"
2016,7,Batman v Superman: Dawn of Justice,"$873,634,919","$330,360,194",37.80%,"$543,274,725",62.20%,29,63,"$1,100,779,998","$416,253,844"
2016,8,Fantastic Beasts and Where to Find Them,"$814,037,575","$234,037,575",28.80%,"$580,000,000",71.20%,74,79,"$1,025,687,345","$294,887,345"
2016,9,Deadpool,"$782,612,155","$363,070,709",46.40%,"$419,541,446",53.60%,85,90,"$986,091,315","$457,469,093"
2016,10,Suicide Squad,"$746,846,894","$325,100,054",43.50%,"$421,746,840",56.50%,26,58,"$941,027,086","$409,626,068"
2016,11,Doctor Strange,"$677,718,395","$232,641,920",34.30%,"$445,076,475",65.70%,89,86,"$853,925,178","$293,128,819"
2016,12,Moana,"$643,331,111","$248,757,044",38.70%,"$394,574,067",61.30%,95,89,"$810,597,200","$313,433,875"
2016,13,Sing,"$634,151,679","$270,395,425",42.60%,"$363,756,254",57.40%,71,73,"$799,031,116","$340,698,236"
2016,14,The Mermaid,"$553,810,228","$3,232,685",0.60%,"$550,577,543",99.40%,95,60,"$697,800,887","$4,073,183"
2016,15,X-Men: Apocalypse,"$543,934,105","$155,442,489",28.60%,"$388,491,616",71.40%,47,65,"$685,356,972","$195,857,536"
2016,16,Kung Fu Panda 3,"$521,170,825","$143,528,619",27.50%,"$377,642,206",72.50%,86,79,"$656,675,240","$180,846,060"
2016,17,La La Land,"$447,407,695","$151,101,803",33.80%,"$296,305,892",66.20%,91,81,"$563,733,696","$190,388,272"
2016,18,Warcraft,"$439,048,914","$47,365,290",10.80%,"$391,683,624",89.20%,29,76,"$553,201,632","$59,680,265"
2016,19,Jason Bourne,"$415,484,914","$162,434,410",39.10%,"$253,050,504",60.90%,54,55,"$523,510,992","$204,667,357"
2016,20,Ice Age: Collision Course,"$408,579,038","$64,063,008",15.70%,"$344,516,030",84.30%,18,39,"$514,809,588","$80,719,390"
2016,21,Independence Day: Resurgence,"$389,681,935","$103,144,286",26.50%,"$286,537,649",73.50%,29,30,"$490,999,238","$129,961,800"
2016,22,Your Name.,"$357,986,087","$5,017,246",1.40%,"$352,968,841",98.60%,,97,"$451,062,470","$6,321,730"
2016,23,The Legend of Tarzan,"$356,700,357","$126,643,061",35.50%,"$230,057,296",64.50%,35,58,"$449,442,450","$159,570,257"
2016,24,The Angry Birds Movie,"$352,333,929","$107,509,366",30.50%,"$244,824,563",69.50%,43,46,"$443,940,751","$135,461,801"
2016,25,Trolls,"$346,864,462","$153,707,064",44.30%,"$193,157,398",55.70%,75,67,"$437,049,222","$193,670,901"
2016,26,Star Trek Beyond,"$343,471,816","$158,848,340",46.20%,"$184,623,476",53.80%,86,80,"$432,774,488","$200,148,908"
2016,27,The Great Wall,"$334,933,831","$45,540,830",13.60%,"$289,393,001",86.40%,35,42,"$422,016,627","$57,381,446"
2016,28,Now You See Me 2,"$334,897,606","$65,075,540",19.40%,"$269,822,066",80.60%,34,53,"$421,970,984","$81,995,180"
2016,29,The Conjuring 2,"$320,392,818","$102,470,008",32%,"$217,922,810",68%,80,81,"$403,694,951","$129,112,210"
2016,30,Resident Evil: The Final Chapter,"$312,242,626","$26,830,068",8.60%,"$285,412,558",91.40%,37,47,"$393,425,709","$33,805,886"
2016,31,Dangal,"$303,723,636","$12,391,761",4.10%,"$291,331,875",95.90%,88,93,"$382,691,781","$15,613,619"
2016,32,Passengers,"$303,144,152","$100,014,699",33%,"$203,129,453",67%,30,63,"$381,961,632","$126,018,521"
2016,33,Alice Through the Looking Glass,"$299,457,024","$77,041,381",25.70%,"$222,415,643",74.30%,29,48,"$377,315,850","$97,072,140"
2016,34,Miss Peregrine's Home for Peculiar Children,"$296,482,446","$87,242,834",29.40%,"$209,239,612",70.60%,64,60,"$373,567,882","$109,925,971"
2016,35,Teenage Mutant Ninja Turtles: Out of the Shadows,"$245,623,848","$82,051,601",33.40%,"$163,572,247",66.60%,37,47,"$309,486,048","$103,385,017"
2016,36,Sully,"$240,797,623","$125,070,033",51.90%,"$115,727,590",48.10%,85,84,"$303,405,005","$157,588,242"
2016,37,Assassin's Creed,"$240,697,856","$54,647,948",22.70%,"$186,049,908",77.30%,19,42,"$303,279,299","$68,856,414"
2016,38,Hidden Figures,"$235,956,898","$169,607,287",71.90%,"$66,349,611",28.10%,93,93,"$297,305,691","$213,705,182"
2016,39,Ghostbusters,"$229,147,509","$128,350,574",56%,"$100,796,935",44%,73,49,"$288,725,861","$161,721,723"
2016,40,Inferno,"$220,021,259","$34,343,574",15.60%,"$185,677,685",84.40%,23,36,"$277,226,786","$43,272,903"
2016,41,Central Intelligence,"$216,972,543","$127,440,871",58.70%,"$89,531,672",41.30%,71,62,"$273,385,404","$160,575,497"
2016,42,Bridget Jones's Baby,"$211,952,420","$24,252,420",11.40%,"$187,700,000",88.60%,78,65,"$267,060,049","$30,558,049"
2016,43,Me Before You,"$208,314,186","$56,245,075",27%,"$152,069,111",73%,54,73,"$262,475,874","$70,868,795"
2016,44,London Has Fallen,"$205,754,447","$62,524,260",30.40%,"$143,230,187",69.60%,27,50,"$259,250,603","$78,780,568"
2016,45,Arrival,"$203,388,186","$100,546,139",49.40%,"$102,842,047",50.60%,94,82,"$256,269,114","$126,688,135"
2016,46,The BFG,"$195,243,411","$55,483,770",28.40%,"$139,759,641",71.60%,74,57,"$246,006,698","$69,909,550"
2016,47,The Monkey King 2,"$193,678,298","$709,982",0.40%,"$192,968,316",99.60%,100,52,"$244,034,655","$894,577"
2016,48,Bad Moms,"$183,936,074","$113,257,297",61.60%,"$70,678,777",38.40%,58,63,"$231,759,453","$142,704,194"
2016,49,Storks,"$183,388,953","$72,679,278",39.60%,"$110,709,675",60.40%,65,62,"$231,070,081","$91,575,890"
2016,50,From Vegas to Macau III,"$181,732,879",-,-,"$181,732,879",100%,20,14,"$228,983,428",#VALUE!
2017,1,Star Wars: Episode VIII - The Last Jedi,"$1,332,539,889","$620,181,382",46.50%,"$712,358,507",53.50%,91,42,"$1,639,024,063","$762,823,100"
2017,2,Beauty and the Beast,"$1,263,521,126","$504,014,165",39.90%,"$759,506,961",60.10%,71,80,"$1,554,130,985","$619,937,423"
2017,3,The Fate of the Furious,"$1,236,005,118","$226,008,385",18.30%,"$1,009,996,733",81.70%,67,72,"$1,520,286,295","$277,990,314"
2017,4,Despicable Me 3,"$1,034,799,409","$264,624,300",25.60%,"$770,175,109",74.40%,59,53,"$1,272,803,273","$325,487,889"
2017,5,Jumanji: Welcome to the Jungle,"$962,077,546","$404,515,480",42%,"$557,562,066",58%,76,87,"$1,183,355,382","$497,554,040"
2017,6,Spider-Man: Homecoming,"$880,166,924","$334,201,140",38%,"$545,965,784",62%,92,87,"$1,082,605,317","$411,067,402"
2017,7,Wolf Warrior 2,"$870,325,439","$2,721,100",0.30%,"$867,604,339",99.70%,71,74,"$1,070,500,290","$3,346,953"
2017,8,Guardians of the Galaxy Vol. 2,"$863,756,051","$389,813,101",45.10%,"$473,942,950",54.90%,85,87,"$1,062,419,943","$479,470,114"
2017,9,Thor: Ragnarok,"$853,977,126","$315,058,289",36.90%,"$538,918,837",63.10%,93,87,"$1,050,391,865","$387,521,695"
2017,10,Wonder Woman,"$821,847,012","$412,563,408",50.20%,"$409,283,604",49.80%,93,83,"$1,010,871,825","$507,452,992"
2017,11,Coco,"$807,816,196","$210,460,015",26.10%,"$597,356,181",73.90%,97,94,"$993,613,921","$258,865,818"
2017,12,Pirates of the Caribbean: Dead Men Tell No Tales,"$794,861,794","$172,558,876",21.70%,"$622,302,918",78.30%,30,60,"$977,680,007","$212,247,417"
2017,13,It,"$700,381,748","$327,481,748",46.80%,"$372,900,000",53.20%,86,84,"$861,469,550","$402,802,550"
2017,14,Justice League,"$657,924,295","$229,024,295",34.80%,"$428,900,000",65.20%,39,67,"$809,246,883","$281,699,883"
2017,15,Logan,"$619,021,436","$226,277,068",36.60%,"$392,744,368",63.40%,94,90,"$761,396,366","$278,320,794"
2017,16,Transformers: The Last Knight,"$605,425,157","$130,168,683",21.50%,"$475,256,474",78.50%,16,43,"$744,672,943","$160,107,480"
2017,17,Kong: Skull Island,"$566,652,812","$168,052,812",29.70%,"$398,600,000",70.30%,75,69,"$696,982,959","$206,704,959"
2017,18,The Boss Baby,"$527,965,936","$175,003,033",33.10%,"$352,962,903",66.90%,53,51,"$649,398,101","$215,253,731"
2017,19,Dunkirk,"$525,245,546","$188,045,546",35.80%,"$337,200,000",64.20%,92,81,"$646,052,022","$231,296,022"
2017,20,War for the Planet of the Apes,"$490,719,763","$146,880,162",29.90%,"$343,839,601",70.10%,94,84,"$603,585,308","$180,662,599"
2017,21,The Greatest Showman,"$434,993,183","$174,340,174",40.10%,"$260,653,009",59.90%,56,86,"$535,041,615","$214,438,414"
2017,22,Kingsman: The Golden Circle,"$410,902,662","$100,234,838",24.40%,"$310,667,824",75.60%,50,64,"$505,410,274","$123,288,851"
2017,23,The Mummy,"$409,231,607","$80,227,895",19.60%,"$329,003,712",80.40%,15,35,"$503,354,877","$98,680,311"
2017,24,Cars 3,"$383,930,656","$152,901,115",39.80%,"$231,029,541",60.20%,68,69,"$472,234,707","$188,068,371"
2017,25,Fifty Shades Darker,"$381,545,846","$114,581,250",30%,"$266,964,596",70%,11,48,"$469,301,391","$140,934,938"
2017,26,Murder on the Orient Express,"$352,789,811","$102,826,543",29.10%,"$249,963,268",70.90%,61,54,"$433,931,468","$126,476,648"
2017,27,xXx: Return of Xander Cage,"$346,118,277","$44,898,413",13%,"$301,219,864",87%,45,37,"$425,725,481","$55,225,048"
2017,28,Never Say Die,"$334,530,869",-,-,"$334,530,869",100%,,43,"$411,472,969",#VALUE!
2017,29,The Lego Batman Movie,"$311,950,384","$175,750,384",56.30%,"$136,200,000",43.70%,90,80,"$383,698,972","$216,172,972"
2017,30,The Ex-File 3: Return of the Exes,"$307,592,427","$838,959",0.30%,"$306,753,468",99.70%,,46,"$378,338,685","$1,031,920"
2017,31,Annabelle: Creation,"$306,515,884","$102,092,201",33.30%,"$204,423,683",66.70%,70,68,"$377,014,537","$125,573,407"
2017,32,Wonder,"$305,937,718","$132,422,809",43.30%,"$173,514,909",56.70%,85,88,"$376,303,393","$162,880,055"
2017,33,Ferdinand,"$296,069,199","$84,410,380",28.50%,"$211,658,819",71.50%,71,52,"$364,165,115","$103,824,767"
2017,34,Split,"$278,454,358","$138,291,365",49.70%,"$140,162,993",50.30%,78,79,"$342,498,860","$170,098,379"
2017,35,Blade Runner 2049,"$259,239,658","$92,054,159",35.50%,"$167,185,499",64.50%,88,87,"$318,864,779","$113,226,616"
2017,36,Kung Fu Yoga,"$257,743,016","$362,657",0.10%,"$257,380,359",99.90%,48,31,"$317,023,910","$446,068"
2017,37,Get Out,"$255,407,969","$176,040,665",68.90%,"$79,367,304",31.10%,98,86,"$314,151,802","$216,530,018"
2017,38,Baahubali 2: The Conclusion,"$254,158,390","$20,186,659",7.90%,"$233,971,731",92.10%,87,86,"$312,614,820","$24,829,591"
2017,39,Journey to the West: The Demons Strike Back,"$247,585,244","$880,346",0.40%,"$246,704,898",99.60%,58,49,"$304,529,850","$1,082,826"
2017,40,Alien: Covenant,"$240,891,763","$74,262,031",30.80%,"$166,629,732",69.20%,65,55,"$296,296,868","$91,342,298"
2017,41,Paddington 2,"$227,978,523","$40,891,591",17.90%,"$187,086,932",82.10%,99,88,"$280,413,583","$50,296,657"
2017,42,Youth,"$227,091,290","$1,891,956",0.80%,"$225,199,334",99.20%,81,86,"$279,322,287","$2,327,106"
2017,43,Baby Driver,"$226,945,087","$107,825,862",47.50%,"$119,119,225",52.50%,92,86,"$279,142,457","$132,625,810"
2017,44,Valerian and the City of a Thousand Planets,"$225,874,228","$41,189,488",18.20%,"$184,684,740",81.80%,48,53,"$277,825,300","$50,663,070"
2017,45,Geostorm,"$221,600,160","$33,700,160",15.20%,"$187,900,000",84.80%,17,35,"$272,568,197","$41,451,197"
2017,46,The Emoji Movie,"$217,776,646","$86,089,513",39.50%,"$131,687,133",60.50%,6,36,"$267,865,275","$105,890,101"
2017,47,A Dog's Purpose,"$205,035,819","$64,508,620",31.50%,"$140,527,199",68.50%,35,73,"$252,194,057","$79,345,603"
2017,48,Smurfs: The Lost Village,"$197,183,546","$45,020,282",22.80%,"$152,163,264",77.20%,40,54,"$242,535,762","$55,374,947"
2017,49,The Shape of Water,"$195,333,312","$63,859,435",32.70%,"$131,473,877",67.30%,92,72,"$240,259,974","$78,547,105"
2017,50,Pitch Perfect 3,"$185,400,345","$104,897,530",56.60%,"$80,502,815",43.40%,28,43,"$228,042,424","$129,023,962"
2018,1,Avengers: Infinity War,"$2,048,359,754","$678,815,482",33.10%,"$1,369,544,272",66.90%,85,92,"$2,478,515,302","$821,366,733"
2018,2,Black Panther,"$1,346,913,161","$700,059,566",52%,"$646,853,595",48%,96,79,"$1,629,764,925","$847,072,075"
2018,3,Jurassic World: Fallen Kingdom,"$1,308,467,944","$417,719,760",31.90%,"$890,748,184",68.10%,47,48,"$1,583,246,212","$505,440,910"
2018,4,Incredibles 2,"$1,242,805,359","$608,581,744",49%,"$634,223,615",51%,93,84,"$1,503,794,484","$736,383,910"
2018,5,Aquaman,"$1,148,461,807","$335,061,807",29.20%,"$813,400,000",70.80%,65,72,"$1,389,638,786","$405,424,786"
2018,6,Bohemian Rhapsody,"$903,655,259","$216,428,042",24%,"$687,227,217",76%,60,85,"$1,093,422,863","$261,877,931"
2018,7,Venom,"$856,085,151","$213,515,506",24.90%,"$642,569,645",75.10%,30,80,"$1,035,863,033","$258,353,762"
2018,8,Mission: Impossible - Fallout,"$791,115,104","$220,159,104",27.80%,"$570,956,000",72.20%,97,88,"$957,249,276","$266,392,516"
2018,9,Deadpool 2,"$734,546,611","$318,491,426",43.40%,"$416,055,185",56.60%,84,85,"$888,801,399","$385,374,625"
2018,10,Fantastic Beasts: The Crimes of Grindelwald,"$654,855,901","$159,555,901",24.40%,"$495,300,000",75.60%,36,54,"$792,375,640","$193,062,640"
2018,11,Ant-Man and the Wasp,"$622,674,139","$216,648,740",34.80%,"$406,025,399",65.20%,87,80,"$753,435,708","$262,144,975"
2018,12,Ready Player One,"$582,890,172","$137,690,172",23.60%,"$445,200,000",76.40%,72,77,"$705,297,108","$166,605,108"
2018,13,Operation Red Sea,"$579,330,426","$1,543,547",0.30%,"$577,786,879",99.70%,80,64,"$700,989,815","$1,867,692"
2018,14,Detective Chinatown 2,"$544,185,156","$1,983,984",0.40%,"$542,201,172",99.60%,54,67,"$658,464,039","$2,400,621"
2018,15,The Meg,"$530,243,742","$145,443,742",27.40%,"$384,800,000",72.60%,46,42,"$641,594,928","$175,986,928"
2018,16,Ralph Breaks the Internet,"$529,323,962","$201,091,711",38%,"$328,232,251",62%,88,64,"$640,481,994","$243,320,970"
2018,17,Hotel Transylvania 3: Summer Vacation,"$528,583,774","$167,510,016",31.70%,"$361,073,758",68.30%,62,48,"$639,586,367","$202,687,119"
2018,18,The Grinch,"$511,595,957","$270,620,950",52.90%,"$240,975,007",47.10%,59,51,"$619,031,108","$327,451,350"
2018,19,Bumblebee,"$467,989,645","$127,195,589",27.20%,"$340,794,056",72.80%,91,74,"$566,267,470","$153,906,663"
2018,20,Dying to Survive,"$451,176,639",-,-,"$451,176,639",100%,86,93,"$545,923,733",#VALUE!
2018,21,A Star Is Born,"$436,188,866","$215,288,866",49.40%,"$220,900,000",50.60%,90,80,"$527,788,528","$260,499,528"
2018,22,Rampage,"$428,028,233","$101,028,233",23.60%,"$327,000,000",76.40%,51,72,"$517,914,162","$122,244,162"
2018,23,Mamma Mia! Here We Go Again,"$395,044,706","$120,634,935",30.50%,"$274,409,771",69.50%,79,66,"$478,004,094","$145,968,271"
2018,24,Solo: A Star Wars Story,"$392,924,807","$213,767,512",54.40%,"$179,157,295",45.60%,69,63,"$475,439,016","$258,658,690"
2018,25,Spider-Man: Into the Spider-Verse,"$375,540,831","$190,241,310",50.70%,"$185,299,521",49.30%,97,94,"$454,404,406","$230,191,985"
2018,26,Fifty Shades Freed,"$371,985,018","$100,407,760",27%,"$271,577,258",73%,11,38,"$450,101,872","$121,493,390"
2018,27,Hello Mr. Billionaire,"$366,961,907",-,-,"$366,961,907",100%,,70,"$444,023,907",#VALUE!
2018,28,The Nun,"$365,550,119","$117,450,119",32.10%,"$248,100,000",67.90%,25,35,"$442,315,644","$142,114,644"
2018,29,Monster Hunt 2,"$361,682,618","$706,153",0.20%,"$360,976,465",99.80%,50,53,"$437,635,968","$854,445"
2018,30,Peter Rabbit,"$351,266,433","$115,253,424",32.80%,"$236,013,009",67.20%,63,56,"$425,032,384","$139,456,643"
2018,31,Mary Poppins Returns,"$349,537,494","$171,958,438",49.20%,"$177,579,056",50.80%,80,64,"$422,940,368","$208,069,710"
2018,32,A Quiet Place,"$340,939,361","$188,024,361",55.10%,"$152,915,000",44.90%,96,83,"$412,536,627","$227,509,477"
2018,33,Green Book,"$321,752,656","$85,080,171",26.40%,"$236,672,485",73.60%,77,91,"$389,320,714","$102,947,007"
2018,34,Skyscraper,"$304,868,961","$68,420,120",22.40%,"$236,448,841",77.60%,48,68,"$368,891,443","$82,788,345"
2018,35,Ocean's Eight,"$297,718,711","$140,218,711",47.10%,"$157,500,000",52.90%,69,47,"$360,239,640","$169,664,640"
2018,36,Pacific Rim: Uprising,"$290,930,148","$59,874,525",20.60%,"$231,055,623",79.40%,42,37,"$352,025,479","$72,448,175"
2018,37,Maze Runner: The Death Cure,"$288,175,335","$58,032,443",20.10%,"$230,142,892",79.90%,43,58,"$348,692,155","$70,219,256"
2018,38,Tomb Raider,"$274,650,803","$58,250,803",21.20%,"$216,400,000",78.80%,53,55,"$332,327,472","$70,483,472"
2018,39,Halloween,"$255,485,178","$159,342,015",62.40%,"$96,143,163",37.60%,79,71,"$309,137,065","$192,803,838"
2018,40,Crazy Rich Asians,"$238,532,921","$174,532,921",73.20%,"$64,000,000",26.80%,91,76,"$288,624,834","$211,184,834"
2018,41,Creed II,"$214,215,889","$115,715,889",54%,"$98,500,000",46%,83,80,"$259,201,226","$140,016,226"
2018,42,Smallfoot,"$214,040,103","$83,240,103",38.90%,"$130,800,000",61.10%,76,62,"$258,988,525","$100,720,525"
2018,43,Us and Them,"$209,221,380",-,-,"$209,221,380",100%,100,90,"$253,157,870",#VALUE!
2018,44,The Island,"$198,326,350","$670,883",0.30%,"$197,655,467",99.70%,100,81,"$239,974,884","$811,768"
2018,45,Christopher Robin,"$197,744,377","$99,215,042",50.20%,"$98,529,335",49.80%,72,82,"$239,270,696","$120,050,201"
2018,46,The Equalizer 2,"$190,400,157","$102,084,362",53.60%,"$88,315,795",46.40%,52,61,"$230,384,190","$123,522,078"
2018,47,Project Gutenberg,"$188,116,796",-,-,"$188,116,796",100%,,67,"$227,621,323",#VALUE!
2018,48,The Mule,"$174,804,407","$103,804,407",59.40%,"$71,000,000",40.60%,70,66,"$211,513,332","$125,603,332"
2018,49,The Nutcracker and the Four Realms,"$173,961,069","$54,858,851",31.50%,"$119,102,218",68.50%,32,34,"$210,492,893","$66,379,210"
2018,50,Insidious: The Last Key,"$167,885,588","$67,745,330",40.40%,"$100,140,258",59.60%,33,50,"$203,141,561","$81,971,849"
2019,1,Avengers: Endgame,"$2,799,439,100","$858,373,000",30.70%,"$1,941,066,100",69.30%,94,90,"$3,331,332,529","$1,021,463,870"
2019,2,The Lion King,"$1,656,943,394","$543,638,043",32.80%,"$1,113,305,351",67.20%,52,88,"$1,971,762,639","$646,929,271"
2019,3,Frozen II,"$1,450,026,933","$477,373,578",32.90%,"$972,653,355",67.10%,77,92,"$1,725,532,050","$568,074,558"
2019,4,Spider-Man: Far from Home,"$1,131,927,996","$390,532,085",34.50%,"$741,395,911",65.50%,90,95,"$1,346,994,315","$464,733,181"
2019,5,Captain Marvel,"$1,128,274,794","$426,829,839",37.80%,"$701,444,955",62.20%,79,45,"$1,342,647,005","$507,927,508"
2019,6,Joker,"$1,074,251,311","$335,451,311",31.20%,"$738,800,000",68.80%,69,88,"$1,278,359,060","$399,187,060"
2019,7,Star Wars: Episode IX - The Rise of Skywalker,"$1,074,144,248","$515,202,542",48%,"$558,941,706",52%,52,86,"$1,278,231,655","$613,091,025"
2019,8,Toy Story 4,"$1,073,394,593","$434,038,008",40.40%,"$639,356,585",59.60%,97,94,"$1,277,339,566","$516,505,230"
2019,9,Aladdin,"$1,050,693,953","$355,559,216",33.80%,"$695,134,737",66.20%,57,94,"$1,250,325,804","$423,115,467"
2019,10,Jumanji: The Next Level,"$801,693,929","$320,314,960",40%,"$481,378,969",60%,71,87,"$954,015,776","$381,174,802"
2019,11,Fast & Furious Presents: Hobbs & Shaw,"$760,732,926","$173,956,935",22.90%,"$586,775,991",77.10%,68,88,"$905,272,182","$207,008,753"
2019,12,Ne Zha,"$726,063,471","$3,695,533",0.50%,"$722,367,938",99.50%,88,98,"$864,015,530","$4,397,684"
2019,13,The Wandering Earth,"$699,856,699","$5,971,413",0.90%,"$693,885,286",99.10%,70,50,"$832,829,472","$7,105,981"
2019,14,How to Train Your Dragon: The Hidden World,"$521,799,505","$160,799,505",30.80%,"$361,000,000",69.20%,90,87,"$620,941,411","$191,351,411"
2019,15,Maleficent: Mistress of Evil,"$491,730,089","$113,929,605",23.20%,"$377,800,484",76.80%,39,95,"$585,158,806","$135,576,230"
2019,16,It Chapter Two,"$473,093,228","$211,593,228",44.70%,"$261,500,000",55.30%,62,78,"$562,980,941","$251,795,941"
2019,17,"My People, My Country","$450,064,993","$2,356,683",0.50%,"$447,708,310",99.50%,,69,"$535,577,342","$2,804,453"
2019,18,PokÃ©mon: Detective Pikachu,"$433,005,346","$144,105,346",33.30%,"$288,900,000",66.70%,68,79,"$515,276,362","$171,485,362"
2019,19,The Secret Life of Pets 2,"$431,058,542","$158,874,395",36.90%,"$272,184,147",63.10%,60,90,"$512,959,665","$189,060,530"
2019,20,The Captain,"$417,282,021","$706,572",0.20%,"$416,575,449",99.80%,75,96,"$496,565,605","$840,821"
2019,21,Alita: Battle Angel,"$404,980,543","$85,838,210",21.20%,"$319,142,333",78.80%,61,92,"$481,926,846","$102,147,470"
2019,22,Godzilla: King of the Monsters,"$386,600,138","$110,500,138",28.60%,"$276,100,000",71.40%,42,83,"$460,054,164","$131,495,164"
2019,23,1917,"$384,577,421","$159,227,644",41.40%,"$225,349,777",58.60%,88,88,"$457,647,131","$189,480,896"
2019,24,Once Upon a Time in Hollywood,"$377,426,903","$142,502,728",37.80%,"$234,924,175",62.20%,85,70,"$449,138,015","$169,578,246"
2019,25,Shazam!,"$365,971,656","$140,371,656",38.40%,"$225,600,000",61.60%,90,82,"$435,506,271","$167,042,271"
2019,26,Dumbo,"$353,284,621","$114,766,307",32.50%,"$238,518,314",67.50%,46,48,"$420,408,699","$136,571,905"
2019,27,John Wick: Chapter 3 - Parabellum,"$327,777,335","$171,015,687",52.20%,"$156,761,648",47.80%,89,86,"$390,055,029","$203,508,668"
2019,28,Crazy Alien,"$327,598,891",-,-,"$327,598,891",100%,,,"$389,842,680",#VALUE!
2019,29,Knives Out,"$312,897,920","$165,363,234",52.80%,"$147,534,686",47.20%,97,92,"$372,348,525","$196,782,248"
2019,30,Terminator: Dark Fate,"$261,119,292","$62,253,077",23.80%,"$198,866,215",76.20%,70,82,"$310,731,957","$74,081,162"
2019,31,Parasite,"$258,710,043","$53,369,749",20.60%,"$205,340,294",79.40%,99,90,"$307,864,951","$63,510,001"
2019,32,Us,"$256,022,707","$175,084,580",68.40%,"$80,938,127",31.60%,93,60,"$304,667,021","$208,350,650"
2019,33,Pegasus,"$255,863,112",-,-,"$255,863,112",100%,,75,"$304,477,103",#VALUE!
2019,34,Men in Black: International,"$253,890,701","$80,001,807",31.50%,"$173,888,894",68.50%,23,66,"$302,129,934","$95,202,150"
2019,35,X-Men: Dark Phoenix,"$252,442,974","$65,845,974",26.10%,"$186,597,000",73.90%,22,64,"$300,407,139","$78,356,709"
2019,36,Glass,"$246,999,039","$111,048,468",45%,"$135,950,571",55%,37,67,"$293,928,856","$132,147,677"
2019,37,The Bravest,"$245,179,562","$290,217",0.10%,"$244,889,345",99.90%,,,"$291,763,679","$345,358"
2019,38,Annabelle Comes Home,"$231,252,591","$74,152,591",32.10%,"$157,100,000",67.90%,64,70,"$275,190,583","$88,241,583"
2019,39,Better Days,"$225,918,798","$1,921,657",0.90%,"$223,997,141",99.10%,97,97,"$268,843,370","$2,286,772"
2019,40,Ford v Ferrari,"$225,508,210","$117,624,357",52.20%,"$107,883,853",47.80%,92,98,"$268,354,770","$139,972,985"
2019,41,Little Women,"$218,843,645","$108,101,214",49.40%,"$110,742,431",50.60%,95,92,"$260,423,938","$128,640,445"
2019,42,The Addams Family,"$203,044,905","$100,044,905",49.30%,"$103,000,000",50.70%,45,69,"$241,623,437","$119,053,437"
2019,43,Rocketman,"$195,320,400","$96,368,160",49.30%,"$98,952,240",50.70%,89,88,"$232,431,276","$114,678,110"
2019,44,Downton Abbey,"$194,694,725","$96,853,865",49.70%,"$97,840,860",50.30%,84,94,"$231,686,723","$115,256,099"
2019,45,Weathering with You,"$192,951,441","$8,056,636",4.20%,"$184,894,805",95.80%,92,96,"$229,612,215","$9,587,397"
2019,46,The Lego Movie 2: The Second Part,"$192,306,508","$105,806,508",55%,"$86,500,000",45%,84,68,"$228,844,745","$125,909,745"
2019,47,Sheep Without a Shepherd,"$191,602,146",-,-,"$191,602,146",100%,100,,"$228,006,554",#VALUE!
2019,48,The White Storm 2: Drug Lords,"$189,396,380","$609,461",0.30%,"$188,786,919",99.70%,57,61,"$225,381,692","$725,259"
2019,49,Abominable,"$188,623,517","$60,716,390",32.20%,"$127,907,127",67.80%,82,95,"$224,461,985","$72,252,504"
2019,50,Ip Man 4: The Finale,"$176,345,966","$3,956,031",2.20%,"$172,389,935",97.80%,85,95,"$209,851,700","$4,707,677"
2020,1,The Eight Hundred,"$461,421,559","$372,755",<0.1%,"$461,048,804",99.90%,88,78,"$535,249,008","$432,396"
2020,2,Demon Slayer the Movie: Mugen Train,"$453,210,959","$49,505,008",10.90%,"$403,705,951",89.10%,98,99,"$525,724,712","$57,425,809"
2020,3,Bad Boys for Life,"$426,505,244","$206,305,244",48.40%,"$220,200,000",51.60%,76,96,"$494,746,083","$239,314,083"
2020,4,"My People, My Homeland","$422,390,820",-,-,"$422,390,820",100%,,91,"$489,973,351",#VALUE!
2020,5,Tenet,"$365,304,105","$58,504,105",16%,"$306,800,000",84%,69,76,"$423,752,762","$67,864,762"
2020,6,Sonic the Hedgehog,"$319,715,683","$148,974,665",46.60%,"$170,741,018",53.40%,64,93,"$370,870,192","$172,810,611"
2020,7,Dolittle,"$251,410,631","$77,047,065",30.60%,"$174,363,566",69.40%,15,76,"$291,636,332","$89,374,595"
2020,8,Legend of Deification,"$240,646,355","$214,670",<0.1%,"$240,431,685",99.90%,83,88,"$279,149,772","$249,017"
2020,9,A Little Red Flower,"$216,000,000",-,-,"$216,000,000",100%,,,"$250,560,000",#VALUE!
2020,10,The Croods: A New Age,"$215,905,815","$58,568,815",27.10%,"$157,337,000",72.90%,77,94,"$250,450,745","$67,939,825"
2020,11,Birds of Prey,"$205,358,461","$84,158,461",41%,"$121,200,000",59%,79,78,"$238,215,815","$97,623,815"
2020,12,Shock Wave 2,"$198,921,659",-,-,"$198,921,659",100%,87,,"$230,749,124",#VALUE!
2020,13,Wonder Woman 1984,"$169,601,036","$46,801,036",27.60%,"$122,800,000",72.40%,58,73,"$196,737,202","$54,289,202"
2020,14,The Sacrifice,"$161,047,608",-,-,"$161,047,608",100%,,,"$186,815,225",#VALUE!
2020,15,The Invisible Man,"$144,492,724","$70,410,000",48.70%,"$74,082,724",51.30%,92,88,"$167,611,560","$81,675,600"
2020,16,Onward,"$141,940,042","$61,555,145",43.40%,"$80,384,897",56.60%,88,95,"$164,650,449","$71,403,968"
2020,17,Warm Hug,"$129,240,236",-,-,"$129,240,236",100%,,,"$149,918,674",#VALUE!
2020,18,Soul,"$120,957,731",-,-,"$120,957,731",100%,95,88,"$140,310,968",#VALUE!
2020,19,The Call of the Wild,"$111,257,878","$62,342,368",56%,"$48,915,510",44%,63,89,"$129,059,138","$72,317,147"
2020,20,Mamma Mia! 2020 Re-release,"$84,579,977",-,-,"$84,579,977",100%,,,"$98,112,773",#VALUE!
2020,21,Caught in Time,"$80,543,319",-,-,"$80,543,319",100%,,,"$93,430,250",#VALUE!
2020,22,Mulan,"$69,965,374",-,-,"$69,965,374",100%,72,46,"$81,159,834",#VALUE!
2020,23,The Yin-Yang Master: Dream of Eternity,"$68,000,000",-,-,"$68,000,000",100%,38,82,"$78,880,000",#VALUE!
2020,24,Stand by Me Doraemon 2,"$65,201,374",-,-,"$65,201,374",100%,,100,"$75,633,594",#VALUE!
2020,25,The Rescue,"$64,237,554","$18,797",<0.1%,"$64,218,757",100%,90,90,"$74,515,563","$21,805"
2020,26,Love You Forever,"$60,670,799",-,-,"$60,670,799",100%,,,"$70,378,127",#VALUE!
2020,27,Greenland,"$52,300,000",-,-,"$52,300,000",100%,78,63,"$60,668,000",#VALUE!
2020,28,Tolo Tolo,"$52,186,426",-,-,"$52,186,426",100%,,,"$60,536,254",#VALUE!
2020,29,Vanguard,"$50,866,901","$793,525",1.60%,"$50,073,376",98.40%,29,51,"$59,005,605","$920,489"
2020,30,Fantasy Island,"$49,447,308","$27,309,289",55.20%,"$22,138,019",44.80%,62,68,"$57,358,877","$31,678,775"
2020,31,Trolls World Tour,"$49,276,818","$450,000",0.90%,"$48,826,818",99.10%,71,58,"$57,161,109","$522,000"
2020,32,The New Mutants,"$49,169,594","$23,852,659",48.50%,"$25,316,935",51.50%,36,56,"$57,036,729","$27,669,084"
2020,33,After We Collided,"$47,990,414","$2,386,483",5%,"$45,603,931",95%,13,93,"$55,668,880","$2,768,320"
2020,34,"From Today, It's My Turn: The Movie","$47,895,887",-,-,"$47,895,887",100%,,,"$55,559,229",#VALUE!
2020,35,Tanhaji: The Unsung Warrior,"$45,221,814",-,-,"$45,221,814",100%,73,88,"$52,457,304",#VALUE!
2020,36,Unhinged,"$44,331,465","$20,831,465",47%,"$23,500,000",53%,48,77,"$51,424,499","$24,164,499"
2020,37,The End of Endless Love,"$43,950,000",-,-,"$43,950,000",100%,,,"$50,982,000",#VALUE!
2020,38,The War with Grandpa,"$43,387,638","$21,277,892",49%,"$22,109,746",51%,29,85,"$50,329,660","$24,682,355"
2020,39,Peninsula,"$42,698,327","$1,231,407",2.90%,"$41,466,920",97.10%,55,76,"$49,530,059","$1,428,432"
2020,40,Monster Hunter,"$42,145,959","$15,162,470",36%,"$26,983,489",64%,43,70,"$48,889,312","$17,588,465"
2020,41,Underwater,"$40,882,928","$17,291,078",42.30%,"$23,591,850",57.70%,48,60,"$47,424,196","$20,057,650"
2020,42,Bloodshot,"$39,861,118","$12,561,824",31.50%,"$27,299,294",68.50%,31,78,"$46,238,897","$14,571,716"
2020,43,Sarileru Neekevvaru,"$37,389,889","$821,000",2.20%,"$36,568,889",97.80%,,64,"$43,372,271","$952,360"
2020,44,New Interpretation Records of the Three Kingdoms,"$36,747,486",-,-,"$36,747,486",100%,,,"$42,627,084",#VALUE!
2020,45,The Confidence Man JP: Princess,"$36,109,913",-,-,"$36,109,913",100%,,,"$41,887,499",#VALUE!
2020,46,The Man Standing Next,"$34,664,900","$113,527",0.30%,"$34,551,373",99.70%,84,100,"$40,211,284","$131,691"
2020,47,My Mom is a Character 3,"$34,360,029",-,-,"$34,360,029",100%,,,"$39,857,634",#VALUE!
2020,48,Doraemon the Movie: Nobita's New Dinosaur,"$33,942,341",-,-,"$33,942,341",100%,,,"$39,373,116",#VALUE!
2020,49,Deliver Us from Evil,"$33,718,703",-,-,"$33,718,703",100%,94,77,"$39,113,695",#VALUE!
2020,50,Harry Potter and the Sorcerer's Stone 2020 Re-release,"$31,501,815",-,-,"$31,501,815",100%,81,82,"$36,542,105",#VALUE!
2021,1,Spider-Man: No Way Home,"$1,912,233,593","$804,793,477",42.10%,"$1,107,440,116",57.90%,93,98,"$2,179,946,296","$917,464,564"
2021,2,The Battle at Lake Changjin,"$902,548,476","$342,411",<0.1%,"$902,206,065",100%,36,100,"$1,028,905,263","$390,349"
2021,3,"Hi, Mom","$822,009,764",-,-,"$822,009,764",100%,,,"$937,091,131",#VALUE!
2021,4,No Time to Die,"$774,153,007","$160,891,007",20.80%,"$613,262,000",79.20%,83,88,"$882,534,428","$183,415,748"
2021,5,F9: The Fast Saga,"$726,229,501","$173,005,945",23.80%,"$553,223,556",76.20%,59,82,"$827,901,631","$197,226,777"
2021,6,Detective Chinatown 3,"$686,257,563",-,-,"$686,257,563",100%,60,,"$782,333,622",#VALUE!
2021,7,Venom: Let There Be Carnage,"$506,863,592","$213,550,366",42.10%,"$293,313,226",57.90%,57,84,"$577,824,495","$243,447,417"
2021,8,Godzilla vs. Kong,"$470,116,094","$100,916,094",21.50%,"$369,200,000",78.50%,75,91,"$535,932,347","$115,044,347"
2021,9,Shang-Chi and the Legend of the Ten Rings,"$432,243,292","$224,543,292",51.90%,"$207,700,000",48.10%,91,98,"$492,757,353","$255,979,353"
2021,10,Sing 2,"$408,400,679","$162,790,990",39.90%,"$245,609,689",60.10%,72,98,"$465,576,774","$185,581,729"
2021,11,Eternals,"$402,064,899","$164,870,234",41%,"$237,194,665",59%,47,77,"$458,353,985","$187,952,067"
2021,12,Dune: Part One,"$402,027,830","$108,327,830",26.90%,"$293,700,000",73.10%,83,90,"$458,311,726","$123,493,726"
2021,13,Black Widow,"$379,751,655","$183,651,655",48.40%,"$196,100,000",51.60%,79,91,"$432,916,887","$209,362,887"
2021,14,Free Guy,"$331,526,598","$121,626,598",36.70%,"$209,900,000",63.30%,80,94,"$377,940,322","$138,654,322"
2021,15,A Quiet Place Part II,"$297,372,261","$160,072,261",53.80%,"$137,300,000",46.20%,91,92,"$339,004,378","$182,482,378"
2021,16,Encanto,"$256,786,742","$96,093,622",37.40%,"$160,693,120",62.60%,91,93,"$292,736,886","$109,546,729"
2021,17,Cruella,"$233,503,234","$86,103,234",36.90%,"$147,400,000",63.10%,75,97,"$266,193,687","$98,157,687"
2021,18,"My Country, My Parents","$221,831,086","$177,133",<0.1%,"$221,653,953",99.90%,,,"$252,887,438","$201,932"
2021,19,Jungle Cruise,"$220,889,446","$116,987,516",53%,"$103,901,930",47%,62,92,"$251,813,968","$133,365,768"
2021,20,The Conjuring: The Devil Made Me Do It,"$206,431,050","$65,631,050",31.80%,"$140,800,000",68.20%,55,83,"$235,331,397","$74,819,397"
2021,21,Raging Fire,"$205,842,393","$385,305",0.20%,"$205,457,088",99.80%,91,100,"$234,660,328","$439,248"
2021,22,Ghostbusters: Afterlife,"$204,334,455","$129,360,575",63.30%,"$74,973,880",36.70%,63,94,"$232,941,279","$147,471,056"
2021,23,Chinese Doctors,"$197,143,218",-,-,"$197,143,218",100%,,,"$224,743,269",#VALUE!
2021,24,Cliff Walkers,"$181,325,565","$152,972",<0.1%,"$181,172,593",99.90%,81,77,"$206,711,144","$174,388"
2021,25,The Suicide Squad,"$168,717,425","$55,817,425",33.10%,"$112,900,000",66.90%,90,82,"$192,337,865","$63,631,865"
2021,26,Jujutsu Kaisen 0,"$166,760,828","$34,542,754",20.70%,"$132,218,074",79.30%,98,98,"$190,107,344","$39,378,740"
2021,27,Space Jam: A New Legacy,"$163,692,228","$70,592,228",43.10%,"$93,100,000",56.90%,25,79,"$186,609,140","$80,475,140"
2021,28,The Matrix Resurrections,"$157,286,805","$37,686,805",24%,"$119,600,000",76%,63,63,"$179,306,958","$42,962,958"
2021,29,Peter Rabbit 2: The Runaway,"$153,901,717","$40,501,717",26.30%,"$113,400,000",73.70%,67,89,"$175,447,957","$46,171,957"
2021,30,House of Gucci,"$153,269,161","$53,809,574",35.10%,"$99,459,587",64.90%,62,83,"$174,726,844","$61,342,914"
2021,31,A Writer's Odyssey,"$150,123,320","$160,013",0.10%,"$149,963,307",99.90%,93,77,"$171,140,585","$182,415"
2021,32,The Boss Baby 2: Family Business,"$146,745,280","$57,300,280",39%,"$89,445,000",61%,46,89,"$167,289,619","$65,322,319"
2021,33,PAW Patrol: The Movie,"$144,327,371","$40,127,371",27.80%,"$104,200,000",72.20%,80,97,"$164,533,203","$45,745,203"
2021,34,Tom & Jerry,"$136,536,687","$46,536,687",34.10%,"$90,000,000",65.90%,30,82,"$155,651,823","$53,051,823"
2021,35,Be Somebody,"$132,326,332",-,-,"$132,326,332",100%,,,"$150,852,018",#VALUE!
2021,36,Halloween Kills,"$131,647,155","$92,002,155",69.90%,"$39,645,000",30.10%,38,66,"$150,077,757","$104,882,457"
2021,37,Raya and the Last Dragon,"$130,423,032","$54,723,032",42%,"$75,700,000",58%,93,97,"$148,682,256","$62,384,256"
2021,38,Sister,"$128,317,206",-,-,"$128,317,206",100%,100,,"$146,281,615",#VALUE!
2021,39,The King's Man,"$125,897,478","$37,176,373",29.50%,"$88,721,105",70.50%,41,80,"$143,523,125","$42,381,065"
2021,40,The Addams Family 2,"$119,815,153","$56,489,153",47.10%,"$63,326,000",52.90%,28,69,"$136,589,274","$64,397,634"
2021,41,My Love,"$114,016,434","$86,252",<0.1%,"$113,930,182",99.90%,,,"$129,978,735","$98,327"
2021,42,Clifford the Big Red Dog,"$107,347,356","$48,947,356",45.60%,"$58,400,000",54.40%,59,94,"$122,375,986","$55,799,986"
2021,43,Wrath of Man,"$103,966,489","$27,466,489",26.40%,"$76,500,000",73.60%,67,90,"$118,521,797","$31,311,797"
2021,44,Detective Conan: The Scarlet Bullet,"$95,580,715",-,-,"$95,580,715",100%,,,"$108,962,015",#VALUE!
2021,45,Evangelion: 3.0+1.01 Thrice Upon a Time,"$93,763,012","$810,744",0.90%,"$92,952,268",99.10%,100,92,"$106,889,834","$924,248"
2021,46,End Game,"$91,824,961","$23,149",<0.1%,"$91,801,812",100%,,,"$104,680,456","$26,390"
2021,47,Old,"$90,146,510","$48,276,510",53.60%,"$41,870,000",46.40%,50,53,"$102,767,021","$55,035,221"
2021,48,Mortal Kombat,"$84,426,031","$42,326,031",50.10%,"$42,100,000",49.90%,54,86,"$96,245,675","$48,251,675"
2021,49,Boonie Bears: The Wild Life,"$78,132,231",-,-,"$78,132,231",100%,,,"$89,070,743",#VALUE!
2021,50,Candyman,"$77,411,570","$61,186,570",79%,"$16,225,000",21%,84,72,"$88,249,190","$69,752,690"
2022,1,Avatar: The Way of Water,"$2,320,250,281","$684,075,767",29.50%,"$1,636,174,514",70.50%,76,92,"$2,459,465,298","$725,120,313"
2022,2,Top Gun: Maverick,"$1,495,696,292","$718,732,821",48.10%,"$776,963,471",51.90%,96,99,"$1,585,438,070","$761,856,790"
2022,3,Jurassic World Dominion,"$1,001,978,080","$376,851,080",37.60%,"$625,127,000",62.40%,29,77,"$1,062,096,765","$399,462,145"
2022,4,Doctor Strange in the Multiverse of Madness,"$955,775,804","$411,331,607",43%,"$544,444,197",57%,74,85,"$1,013,122,352","$436,011,503"
2022,5,Minions: The Rise of Gru,"$939,628,210","$369,695,210",39.30%,"$569,933,000",60.70%,70,89,"$996,005,903","$391,876,923"
2022,6,Black Panther: Wakanda Forever,"$859,208,836","$453,829,060",52.80%,"$405,379,776",47.20%,84,94,"$910,761,366","$481,058,804"
2022,7,The Batman,"$770,962,583","$369,345,583",47.90%,"$401,617,000",52.10%,85,87,"$817,220,338","$391,506,318"
2022,8,Thor: Love and Thunder,"$760,928,081","$343,256,830",45.10%,"$417,671,251",54.90%,63,77,"$806,583,766","$363,852,240"
2022,9,Water Gate Bridge,"$626,571,697","$117,294",<0.1%,"$626,454,403",100%,,73,"$664,165,999","$124,332"
2022,10,Puss in Boots: The Last Wish,"$480,904,656","$185,535,345",38.60%,"$295,369,311",61.40%,95,94,"$509,758,935","$196,667,466"
2022,11,Moon Man,"$460,237,662",-,-,"$460,237,662",100%,,,"$487,851,922",#VALUE!
2022,12,Fantastic Beasts: The Secrets of Dumbledore,"$407,150,844","$95,850,844",23.50%,"$311,300,000",76.50%,46,83,"$431,579,895","$101,601,895"
2022,13,Uncharted,"$407,141,258","$148,648,820",36.50%,"$258,492,438",63.50%,41,90,"$431,569,733","$157,567,749"
2022,14,Sonic the Hedgehog 2,"$405,421,518","$190,872,904",47.10%,"$214,548,614",52.90%,69,96,"$429,746,809","$202,325,278"
2022,15,Black Adam,"$393,252,111","$168,152,111",42.80%,"$225,100,000",57.20%,38,88,"$416,847,238","$178,241,238"
2022,16,Elvis,"$287,740,048","$151,040,048",52.50%,"$136,700,000",47.50%,77,94,"$305,004,451","$160,102,451"
2022,17,The Bad Guys,"$250,162,278","$97,233,630",38.90%,"$152,928,648",61.10%,88,93,"$265,172,015","$103,067,648"
2022,18,Bullet Train,"$239,268,602","$103,368,602",43.20%,"$135,900,000",56.80%,54,76,"$253,624,718","$109,570,718"
2022,19,Lightyear,"$226,425,420","$118,307,188",52.20%,"$108,118,232",47.80%,74,84,"$240,010,945","$125,405,619"
2022,20,Smile,"$217,408,513","$105,935,048",48.70%,"$111,473,465",51.30%,79,77,"$230,453,024","$112,291,151"
2022,21,Too Cool to Kill,"$217,254,604","$185,882",<0.1%,"$217,068,722",99.90%,,78,"$230,289,880","$197,035"
2022,22,Nice View,"$211,019,042",-,-,"$211,019,042",100%,,100,"$223,680,185",#VALUE!
2022,23,DC League of Super-Pets,"$207,557,117","$93,657,117",45.10%,"$113,900,000",54.90%,72,88,"$220,010,544","$99,276,544"
2022,24,The Lost City,"$192,907,684","$105,344,029",54.60%,"$87,563,655",45.40%,79,83,"$204,482,145","$111,664,671"
2022,25,One Piece Film: Red,"$187,170,704","$12,775,324",6.80%,"$174,395,380",93.20%,94,95,"$198,400,946","$13,541,843"
2022,26,M3GAN,"$179,550,350","$95,043,350",52.90%,"$84,507,000",47.10%,93,78,"$190,323,371","$100,745,951"
2022,27,Suzume,"$175,493,350","$10,760,249",6.10%,"$164,733,101",93.90%,96,98,"$186,022,951","$11,405,864"
2022,28,Nope,"$171,235,592","$123,277,080",72%,"$47,958,512",28%,83,69,"$181,509,728","$130,673,705"
2022,29,Ticket to Paradise,"$168,506,033","$68,275,985",40.50%,"$100,230,048",59.50%,56,87,"$178,616,395","$72,372,544"
2022,30,Morbius,"$167,460,961","$73,865,530",44.10%,"$93,595,431",55.90%,16,71,"$177,508,619","$78,297,462"
2022,31,RRR,"$165,955,146","$14,500,000",8.70%,"$151,455,146",91.30%,95,94,"$175,912,455","$15,370,000"
2022,32,The Black Phone,"$161,440,742","$90,123,230",55.80%,"$71,317,512",44.20%,83,88,"$171,127,187","$95,530,624"
2022,33,The First Slam Dunk,"$147,666,204",-,-,"$147,666,204",100%,,95,"$156,526,176",#VALUE!
2022,34,Where the Crawdads Sing,"$144,353,965","$90,230,760",62.50%,"$54,123,205",37.50%,34,96,"$153,015,203","$95,644,606"
2022,35,Everything Everywhere All at Once,"$139,328,277","$77,191,785",55.40%,"$62,136,492",44.60%,93,86,"$147,687,974","$81,823,292"
2022,36,Scream,"$137,743,924","$81,641,405",59.30%,"$56,102,519",40.70%,76,81,"$146,008,559","$86,539,889"
2022,37,Death on the Nile,"$137,307,235","$45,630,104",33.20%,"$91,677,131",66.80%,62,82,"$145,545,669","$48,367,910"
2022,38,A Man Called Otto,"$112,744,834","$64,267,657",57%,"$48,477,177",43%,69,97,"$119,509,524","$68,123,716"
2022,39,"Lyle, Lyle, Crocodile","$110,972,052","$46,888,441",42.30%,"$64,083,611",57.70%,72,93,"$117,630,375","$49,701,747"
2022,40,Halloween Ends,"$104,361,355","$64,079,860",61.40%,"$40,281,495",38.60%,40,57,"$110,623,036","$67,924,652"
2022,41,The Roundup,"$101,166,707","$812,859",0.80%,"$100,353,848",99.20%,96,100,"$107,236,709","$861,631"
2022,42,The Woman King,"$97,250,903","$67,328,130",69.20%,"$29,922,773",30.80%,94,99,"$103,085,957","$71,367,818"
2022,43,Downton Abbey: A New Era,"$92,623,562","$44,141,550",47.70%,"$48,482,012",52.30%,86,97,"$98,180,976","$46,790,043"
2022,44,K.G.F: Chapter 2,"$89,123,940","$2,874,000",3.20%,"$86,249,940",96.80%,43,94,"$94,471,376","$3,046,440"
2022,45,Don't Worry Darling,"$87,609,403","$45,309,403",51.70%,"$42,300,000",48.30%,38,74,"$92,865,967","$48,027,967"
2022,46,Dragon Ball Super: Super Hero,"$86,562,140","$38,112,140",44%,"$48,450,000",56%,93,95,"$91,755,868","$40,398,868"
2022,47,Dog,"$84,774,243","$61,778,069",72.90%,"$22,996,174",27.10%,77,89,"$89,860,698","$65,484,753"
2022,48,Jackass Forever,"$80,563,999","$57,743,451",71.70%,"$22,820,548",28.30%,85,91,"$85,397,839","$61,208,058"
2022,49,The Menu,"$79,628,200","$38,501,125",48.40%,"$41,127,075",51.60%,88,76,"$84,405,892","$40,811,193"
2022,50,Avatar 2022 Re-release,"$76,012,917","$24,714,024",32.50%,"$51,298,893",67.50%,,,"$80,573,692","$26,196,865"